;Unnamed: 0;Tweets;step01;tokens;final_tokens;step02
0;0.0;@laaaanis wkkwkw tengkiuuu;laaaanis wkkwkw tengkiuuu;['laaaanis', 'wkkwkw', 'tengkiuuu'];['laaaanis', 'wkkwkw', 'tengkiuuu'];laaaanis wkkwkw tengkiuuu
1;1.0;Kamu yang salah, kok kamu yang marah;kamu yang salah kok kamu yang marah;['kamu', 'yang', 'salah', 'kok', 'kamu', 'yang', 'marah'];['kamu', 'yang', 'salah', 'kok', 'kamu', 'yang', 'marah'];kamu yang salah kok kamu yang marah
2;2.0;Hari ini ke Lotte World Korea, pake seragam sekolah Korea wkwkwk. Seruuu bgt! Tungguin vlog Korea Trip yahh! https://t.co/CmszdIGiSc;hari ini ke lotte world korea pake seragam sekolah korea wkwkwk seruuu bgt tungguin vlog korea trip yahh cocmszdigisc;['hari', 'ini', 'ke', 'lotte', 'world', 'korea', 'pake', 'seragam', 'sekolah', 'korea', 'wkwkwk', 'seruuu', 'bgt', 'tungguin', 'vlog', 'korea', 'trip', 'yahh', 'cocmszdigisc'];['hari', 'ini', 'ke', 'lotte', 'world', 'korea', 'pake', 'seragam', 'sekolah', 'korea', 'wkwkwk', 'seruuu', 'bgt', 'tungguin', 'vlog', 'korea', 'trip', 'yahh', 'cocmszdigisc'];hari ini ke lotte world korea pake seragam sekolah korea wkwkwk seruuu bgt tungguin vlog korea trip yahh cocmszdigisc
3;3.0;@jehianps @samsungID Thx ingfo;jehianps samsungid thx ingfo;['jehianps', 'samsungid', 'thx', 'ingfo'];['jehianps', 'samsungid', 'thx', 'ingfo'];jehianps samsungid thx ingfo
4;4.0;RT @kamubukanakuu: PERKARA JAMBU JD PANJANG;kamubukanakuu perkara jambu jd panjang;['kamubukanakuu', 'perkara', 'jambu', 'jd', 'panjang'];['kamubukanakuu', 'perkara', 'jambu', 'jd', 'panjang'];kamubukanakuu perkara jambu jd panjang
5;5.0;RT @barkhohum: konspirasi;barkhohum konspirasi;['barkhohum', 'konspirasi'];['barkhohum', 'konspirasi'];barkhohum konspirasi
6;6.0;RT @yxxxb_07: Masuk akal sih ü§£;_ masuk akal sih;['_', 'masuk', 'akal', 'sih'];['_', 'masuk', 'akal', 'sih'];_ masuk akal sih
7;7.0;RT @sminyeop: diluar nalar wkwkkw;sminyeop diluar nalar wkwkkw;['sminyeop', 'diluar', 'nalar', 'wkwkkw'];['sminyeop', 'diluar', 'nalar', 'wkwkkw'];sminyeop diluar nalar wkwkkw
8;8.0;Viral seorang anak ditanya ‚àö25 = ‚Ä¶? Dan anak tersebut menjawab JAMBU. Setelah bbrp lama berpikir dan menganalisa, a‚Ä¶ https://t.co/iMNMv2bPNL;viral seorang anak ditanya   dan anak tersebut menjawab jambu setelah bbrp lama berpikir dan menganalisa coimnmvbpnl;['viral', 'seorang', 'anak', 'ditanya', 'dan', 'anak', 'tersebut', 'menjawab', 'jambu', 'setelah', 'bbrp', 'lama', 'berpikir', 'dan', 'menganalisa', 'coimnmvbpnl'];['viral', 'seorang', 'anak', 'ditanya', 'dan', 'anak', 'tersebut', 'menjawab', 'jambu', 'setelah', 'bbrp', 'lama', 'berpikir', 'dan', 'menganalisa', 'coimnmvbpnl'];viral seorang anak ditanya dan anak tersebut menjawab jambu setelah bbrp lama berpikir dan menganalisa coimnmvbpnl
9;9.0;Bentar lagi bakal trip ke Korea, gak sabar ketemu ayang Jennie;bentar lagi bakal trip ke korea gak sabar ketemu ayang jennie;['bentar', 'lagi', 'bakal', 'trip', 'ke', 'korea', 'gak', 'sabar', 'ketemu', 'ayang', 'jennie'];['bentar', 'lagi', 'bakal', 'trip', 'ke', 'korea', 'gak', 'sabar', 'ketemu', 'ayang', 'jennie'];bentar lagi bakal trip ke korea gak sabar ketemu ayang jennie
10;10.0;JANGAN LUPA SEMANGAT DAN BAHAGIA HARI INI;jangan lupa semangat dan bahagia hari ini;['jangan', 'lupa', 'semangat', 'dan', 'bahagia', 'hari', 'ini'];['jangan', 'lupa', 'semangat', 'dan', 'bahagia', 'hari', 'ini'];jangan lupa semangat dan bahagia hari ini
11;11.0;"WWKKWKWKWK terrandom emg @ntsana_ 
""Terima kasih bunda maya"" üòÇüò≠ https://t.co/bbf4oCGcDA";wwkkwkwkwk terrandom emg ntsana_ terima kasih bunda maya cobbfocgcda;['wwkkwkwkwk', 'terrandom', 'emg', 'ntsana_', 'terima', 'kasih', 'bunda', 'maya', 'cobbfocgcda'];['wwkkwkwkwk', 'terrandom', 'emg', 'ntsana_', 'terima', 'kasih', 'bunda', 'maya', 'cobbfocgcda'];wwkkwkwkwk terrandom emg ntsana_ terima kasih bunda maya cobbfocgcda
12;12.0;"Ada ayam goreng, ayam bakar, ayam penyet. Tapi yang paling aku suka sih ay am falling in love with you

acikiwir";ada ayam goreng ayam bakar ayam penyet tapi yang paling aku suka sih ay am falling in love with you acikiwir;['ada', 'ayam', 'goreng', 'ayam', 'bakar', 'ayam', 'penyet', 'tapi', 'yang', 'paling', 'aku', 'suka', 'sih', 'ay', 'am', 'falling', 'in', 'love', 'with', 'you', 'acikiwir'];['ada', 'ayam', 'goreng', 'ayam', 'bakar', 'ayam', 'penyet', 'tapi', 'yang', 'paling', 'aku', 'suka', 'sih', 'ay', 'am', 'falling', 'in', 'love', 'with', 'you', 'acikiwir'];ada ayam goreng ayam bakar ayam penyet tapi yang paling aku suka sih ay am falling in love with you acikiwir
13;13.0;@shrlaa_a wuiii makasiiiii;shrlaa_a wuiii makasiiiii;['shrlaa_a', 'wuiii', 'makasiiiii'];['shrlaa_a', 'wuiii', 'makasiiiii'];shrlaa_a wuiii makasiiiii
14;14.0;@adnitae NGAKAK WKKWKWKW;adnitae ngakak wkkwkwkw;['adnitae', 'ngakak', 'wkkwkwkw'];['adnitae', 'ngakak', 'wkkwkwkw'];adnitae ngakak wkkwkwkw
15;15.0;Sudah tau banyak tugas dan kerjaan tapi masih aja santai dan rebahan. Sadar yok sadar;sudah tau banyak tugas dan kerjaan tapi masih aja santai dan rebahan sadar yok sadar;['sudah', 'tau', 'banyak', 'tugas', 'dan', 'kerjaan', 'tapi', 'masih', 'aja', 'santai', 'dan', 'rebahan', 'sadar', 'yok', 'sadar'];['sudah', 'tau', 'banyak', 'tugas', 'dan', 'kerjaan', 'tapi', 'masih', 'aja', 'santai', 'dan', 'rebahan', 'sadar', 'yok', 'sadar'];sudah tau banyak tugas dan kerjaan tapi masih aja santai dan rebahan sadar yok sadar
16;16.0;Akhirnya bisa kumpul lengkap sekeluargaü§ó. Happy Sunday!! https://t.co/x8mGEwGxEn;akhirnya bisa kumpul lengkap sekeluarga happy sunday co;['akhirnya', 'bisa', 'kumpul', 'lengkap', 'sekeluarga', 'happy', 'sunday', 'co'];['akhirnya', 'bisa', 'kumpul', 'lengkap', 'sekeluarga', 'happy', 'sunday', 'co'];akhirnya bisa kumpul lengkap sekeluarga happy sunday co
17;17.0;Begitu syulit lupakan mtk apalagi mtk asyik;begitu syulit lupakan mtk apalagi mtk asyik;['begitu', 'syulit', 'lupakan', 'mtk', 'apalagi', 'mtk', 'asyik'];['begitu', 'syulit', 'lupakan', 'mtk', 'apalagi', 'mtk', 'asyik'];begitu syulit lupakan mtk apalagi mtk asyik
18;18.0;RT @tokomenantea: Beli Menantea yang no sugar, karena manisnya udah dari kamuü•∞ https://t.co/7SCNDFj7sQ;tokomenantea beli menantea yang no sugar karena manisnya udah dari kamu coscndfjsq;['tokomenantea', 'beli', 'menantea', 'yang', 'no', 'sugar', 'karena', 'manisnya', 'udah', 'dari', 'kamu', 'coscndfjsq'];['tokomenantea', 'beli', 'menantea', 'yang', 'no', 'sugar', 'karena', 'manisnya', 'udah', 'dari', 'kamu', 'coscndfjsq'];tokomenantea beli menantea yang no sugar karena manisnya udah dari kamu coscndfjsq
19;19.0;@cursedkidd ngomong apa sih;cursedkidd ngomong apa sih;['cursedkidd', 'ngomong', 'apa', 'sih'];['cursedkidd', 'ngomong', 'apa', 'sih'];cursedkidd ngomong apa sih
20;20.0;"Ide ngedate:

Kerjain soal matematika bareng.";ide ngedate kerjain soal matematika bareng;['ide', 'ngedate', 'kerjain', 'soal', 'matematika', 'bareng'];['ide', 'ngedate', 'kerjain', 'soal', 'matematika', 'bareng'];ide ngedate kerjain soal matematika bareng
21;21.0;Urusan diri sendiri masih banyak, gak usah terlalu sibuk ngurusin urusan orang lain;urusan diri sendiri masih banyak gak usah terlalu sibuk ngurusin urusan orang lain;['urusan', 'diri', 'sendiri', 'masih', 'banyak', 'gak', 'usah', 'terlalu', 'sibuk', 'ngurusin', 'urusan', 'orang', 'lain'];['urusan', 'diri', 'sendiri', 'masih', 'banyak', 'gak', 'usah', 'terlalu', 'sibuk', 'ngurusin', 'urusan', 'orang', 'lain'];urusan diri sendiri masih banyak gak usah terlalu sibuk ngurusin urusan orang lain
22;22.0;@cursedkidd Yaudah aku ganti. Kenapa sih kamu tuh sempurna, tapi kok cuma ada sin^2 30 + cos^2 30?;cursedkidd yaudah aku ganti kenapa sih kamu tuh sempurna tapi kok cuma ada sin   cos  ;['cursedkidd', 'yaudah', 'aku', 'ganti', 'kenapa', 'sih', 'kamu', 'tuh', 'sempurna', 'tapi', 'kok', 'cuma', 'ada', 'sin', 'cos'];['cursedkidd', 'yaudah', 'aku', 'ganti', 'kenapa', 'sih', 'kamu', 'tuh', 'sempurna', 'tapi', 'kok', 'cuma', 'ada', 'sin', 'cos'];cursedkidd yaudah aku ganti kenapa sih kamu tuh sempurna tapi kok cuma ada sin cos
23;23.0;me to jennie blackpink: https://t.co/VXyYnUUh19;me to jennie blackpink co;['me', 'to', 'jennie', 'blackpink', 'co'];['me', 'to', 'jennie', 'blackpink', 'co'];me to jennie blackpink co
24;24.0;Kenapa si kamu tuh sempurna, tapi cuma ada 1? Kalo ada banyak kan aku bisa kebagian wokwokwokwo;kenapa si kamu tuh sempurna tapi cuma ada   kalo ada banyak kan aku bisa kebagian wokwokwokwo;['kenapa', 'si', 'kamu', 'tuh', 'sempurna', 'tapi', 'cuma', 'ada', 'kalo', 'ada', 'banyak', 'kan', 'aku', 'bisa', 'kebagian', 'wokwokwokwo'];['kenapa', 'si', 'kamu', 'tuh', 'sempurna', 'tapi', 'cuma', 'ada', 'kalo', 'ada', 'banyak', 'kan', 'aku', 'bisa', 'kebagian', 'wokwokwokwo'];kenapa si kamu tuh sempurna tapi cuma ada kalo ada banyak kan aku bisa kebagian wokwokwokwo
25;25.0;udah tau suka sama orang yang salah, eh tetep aja dilanjutin;udah tau suka sama orang yang salah eh tetep aja dilanjutin;['udah', 'tau', 'suka', 'sama', 'orang', 'yang', 'salah', 'eh', 'tetep', 'aja', 'dilanjutin'];['udah', 'tau', 'suka', 'sama', 'orang', 'yang', 'salah', 'eh', 'tetep', 'aja', 'dilanjutin'];udah tau suka sama orang yang salah eh tetep aja dilanjutin
26;26.0;JANGAN LUPA SEMANGAT;jangan lupa semangat;['jangan', 'lupa', 'semangat'];['jangan', 'lupa', 'semangat'];jangan lupa semangat
27;27.0;Kemarin pertama kali nonton stand up comedy secara live, diundang sama bang Raditya Dika. Pecah banget parah seru b‚Ä¶ https://t.co/yJQeHUaCoR;kemarin pertama kali nonton stand up comedy secara live diundang sama bang raditya dika pecah banget parah seru coyjqehuacor;['kemarin', 'pertama', 'kali', 'nonton', 'stand', 'up', 'comedy', 'secara', 'live', 'diundang', 'sama', 'bang', 'raditya', 'dika', 'pecah', 'banget', 'parah', 'seru', 'coyjqehuacor'];['kemarin', 'pertama', 'kali', 'nonton', 'stand', 'up', 'comedy', 'secara', 'live', 'diundang', 'sama', 'bang', 'raditya', 'dika', 'pecah', 'banget', 'parah', 'seru', 'coyjqehuacor'];kemarin pertama kali nonton stand up comedy secara live diundang sama bang raditya dika pecah banget parah seru coyjqehuacor
28;28.0;RT @tokomenantea: Setiap hari Senin-Rabu, akan selalu ada promo spesial buat kalian yang belum dapet 'kepastian'ü•∞ https://t.co/bnyUhKjYDH;tokomenantea setiap hari senin rabu akan selalu ada promo spesial buat kalian yang belum dapet kepastian cobnyuhkjydh;['tokomenantea', 'setiap', 'hari', 'senin', 'rabu', 'akan', 'selalu', 'ada', 'promo', 'spesial', 'buat', 'kalian', 'yang', 'belum', 'dapet', 'kepastian', 'cobnyuhkjydh'];['tokomenantea', 'setiap', 'hari', 'senin', 'rabu', 'akan', 'selalu', 'ada', 'promo', 'spesial', 'buat', 'kalian', 'yang', 'belum', 'dapet', 'kepastian', 'cobnyuhkjydh'];tokomenantea setiap hari senin rabu akan selalu ada promo spesial buat kalian yang belum dapet kepastian cobnyuhkjydh
29;29.0;Jerome for Blue Carpet premiere The Rings of Power di Singapore~ https://t.co/WPSiUPwUWi;jerome for blue carpet premiere the rings of power di singapore cowpsiupwuwi;['jerome', 'for', 'blue', 'carpet', 'premiere', 'the', 'rings', 'of', 'power', 'di', 'singapore', 'cowpsiupwuwi'];['jerome', 'for', 'blue', 'carpet', 'premiere', 'the', 'rings', 'of', 'power', 'di', 'singapore', 'cowpsiupwuwi'];jerome for blue carpet premiere the rings of power di singapore cowpsiupwuwi
30;30.0;kembar https://t.co/OBWh52BSUN;kembar coobwhbsun;['kembar', 'coobwhbsun'];['kembar', 'coobwhbsun'];kembar coobwhbsun
31;31.0;Gak harus buru-buru kok. Take your time.;gak harus buru buru kok take your time;['gak', 'harus', 'buru', 'buru', 'kok', 'take', 'your', 'time'];['gak', 'harus', 'buru', 'buru', 'kok', 'take', 'your', 'time'];gak harus buru buru kok take your time
32;32.0;Semangat hari ini!!!! Jangan lupa bahagia!;semangat hari ini jangan lupa bahagia;['semangat', 'hari', 'ini', 'jangan', 'lupa', 'bahagia'];['semangat', 'hari', 'ini', 'jangan', 'lupa', 'bahagia'];semangat hari ini jangan lupa bahagia
33;33.0;Jangan biarkan masa lalumu merusak masa depanmu. Lepaskan diri dari belenggu dan bayang2 masa lalu, fokus dengan ma‚Ä¶ https://t.co/TvGsBS00Lu;jangan biarkan masa lalumu merusak masa depanmu lepaskan diri dari belenggu dan bayang masa lalu fokus dengan ma cotvgsbslu;['jangan', 'biarkan', 'masa', 'lalumu', 'merusak', 'masa', 'depanmu', 'lepaskan', 'diri', 'dari', 'belenggu', 'dan', 'bayang', 'masa', 'lalu', 'fokus', 'dengan', 'ma', 'cotvgsbslu'];['jangan', 'biarkan', 'masa', 'lalumu', 'merusak', 'masa', 'depanmu', 'lepaskan', 'diri', 'dari', 'belenggu', 'dan', 'bayang', 'masa', 'lalu', 'fokus', 'dengan', 'ma', 'cotvgsbslu'];jangan biarkan masa lalumu merusak masa depanmu lepaskan diri dari belenggu dan bayang masa lalu fokus dengan ma cotvgsbslu
34;34.0;Hari ini aku diingatkan suatu hal: Setiap orang punya kesempatan untuk berubah dan berbenah. Meskipun di masa lalu‚Ä¶ https://t.co/gcyG0rQkMp;hari ini aku diingatkan suatu hal setiap orang punya kesempatan untuk berubah dan berbenah meskipun di masa lalu cogcygrqkmp;['hari', 'ini', 'aku', 'diingatkan', 'suatu', 'hal', 'setiap', 'orang', 'punya', 'kesempatan', 'untuk', 'berubah', 'dan', 'berbenah', 'meskipun', 'di', 'masa', 'lalu', 'cogcygrqkmp'];['hari', 'ini', 'aku', 'diingatkan', 'suatu', 'hal', 'setiap', 'orang', 'punya', 'kesempatan', 'untuk', 'berubah', 'dan', 'berbenah', 'meskipun', 'di', 'masa', 'lalu', 'cogcygrqkmp'];hari ini aku diingatkan suatu hal setiap orang punya kesempatan untuk berubah dan berbenah meskipun di masa lalu cogcygrqkmp
35;35.0;@jehianps Blm tau.;jehianps blm tau;['jehianps', 'blm', 'tau'];['jehianps', 'blm', 'tau'];jehianps blm tau
36;36.0;jangan lupa bucin sama diri sendiri;jangan lupa bucin sama diri sendiri;['jangan', 'lupa', 'bucin', 'sama', 'diri', 'sendiri'];['jangan', 'lupa', 'bucin', 'sama', 'diri', 'sendiri'];jangan lupa bucin sama diri sendiri
37;37.0;Melepas panah asmara~ tetoretotettetoretotet https://t.co/TDhQvk6wGC;melepas panah asmara tetoretotettetoretotet cotdhqvkwgc;['melepas', 'panah', 'asmara', 'tetoretotettetoretotet', 'cotdhqvkwgc'];['melepas', 'panah', 'asmara', 'tetoretotettetoretotet', 'cotdhqvkwgc'];melepas panah asmara tetoretotettetoretotet cotdhqvkwgc
38;38.0;TES MATEMATIKA ANAK PRESIDEN! FT. KAESANG https://t.co/OFIYq3FvO8 CUSS NONTON! SERU BGT WKWKWKWK!! https://t.co/ZJp3F7prFS;tes matematika anak presiden ft kaesang coofiyqfvo cuss nonton seru bgt wkwkwkwk cozjpfprfs;['tes', 'matematika', 'anak', 'presiden', 'ft', 'kaesang', 'coofiyqfvo', 'cuss', 'nonton', 'seru', 'bgt', 'wkwkwkwk', 'cozjpfprfs'];['tes', 'matematika', 'anak', 'presiden', 'ft', 'kaesang', 'coofiyqfvo', 'cuss', 'nonton', 'seru', 'bgt', 'wkwkwkwk', 'cozjpfprfs'];tes matematika anak presiden ft kaesang coofiyqfvo cuss nonton seru bgt wkwkwkwk cozjpfprfs
39;39.0;Hari ini jam 18.30 WIB!! TES MATEMATIKA ANAK PRESIDEN JOKOWI (KAESANG)! WKWKW ASLI SERU BANGET üòÇ Stay tuned di yout‚Ä¶ https://t.co/l0qOUwhKgE;hari ini jam     wib tes matematika anak presiden jokowi kaesang wkwkw asli seru banget stay tuned di yout colqouwhkge;['hari', 'ini', 'jam', 'wib', 'tes', 'matematika', 'anak', 'presiden', 'jokowi', 'kaesang', 'wkwkw', 'asli', 'seru', 'banget', 'stay', 'tuned', 'di', 'yout', 'colqouwhkge'];['hari', 'ini', 'jam', 'wib', 'tes', 'matematika', 'anak', 'presiden', 'jokowi', 'kaesang', 'wkwkw', 'asli', 'seru', 'banget', 'stay', 'tuned', 'di', 'yout', 'colqouwhkge'];hari ini jam wib tes matematika anak presiden jokowi kaesang wkwkw asli seru banget stay tuned di yout colqouwhkge
40;40.0;RT @melloncolliesu: bang.. bahasa apa ini???üò≠;melloncolliesu bang bahasa apa ini;['melloncolliesu', 'bang', 'bahasa', 'apa', 'ini'];['melloncolliesu', 'bang', 'bahasa', 'apa', 'ini'];melloncolliesu bang bahasa apa ini
41;41.0;RT @jojobaolip: gue bacanya pingsan;jojobaolip gue bacanya pingsan;['jojobaolip', 'gue', 'bacanya', 'pingsan'];['jojobaolip', 'gue', 'bacanya', 'pingsan'];jojobaolip gue bacanya pingsan
42;42.0;RT @dalgonalfiy: kelakuan lu jeromeeeüò≠ JOSS;dalgonalfiy kelakuan lu jeromeee joss;['dalgonalfiy', 'kelakuan', 'lu', 'jeromeee', 'joss'];['dalgonalfiy', 'kelakuan', 'lu', 'jeromeee', 'joss'];dalgonalfiy kelakuan lu jeromeee joss
43;43.0;RT @flowriferous: lu bingung gaksi;flowriferous lu bingung gaksi;['flowriferous', 'lu', 'bingung', 'gaksi'];['flowriferous', 'lu', 'bingung', 'gaksi'];flowriferous lu bingung gaksi
44;44.0;Selamat hari ulang tahun ke-77 Republik Indonesia!! Merdeka!! https://t.co/Vs0OjcXQhC;selamat hari ulang tahun ke   republik indonesia merdeka covsojc;['selamat', 'hari', 'ulang', 'tahun', 'ke', 'republik', 'indonesia', 'merdeka', 'covsojc'];['selamat', 'hari', 'ulang', 'tahun', 'ke', 'republik', 'indonesia', 'merdeka', 'covsojc'];selamat hari ulang tahun ke republik indonesia merdeka covsojc
45;45.0;"2020 reply2an tweet
2022 akhirnya ketemu @kaesangp https://t.co/FYqSgvptJB";  replyan tweet   akhirnya ketemu kaesangp cofyqsgvptjb;['replyan', 'tweet', 'akhirnya', 'ketemu', 'kaesangp', 'cofyqsgvptjb'];['replyan', 'tweet', 'akhirnya', 'ketemu', 'kaesangp', 'cofyqsgvptjb'];replyan tweet akhirnya ketemu kaesangp cofyqsgvptjb
46;46.0;"Tes pengetahuan aktor / aktris Indonesia! Kali ini edisi castnya weTV original series Dikta &amp; Hukum!‚Ä¶ https://t.co/UsuoAr2aRE";tes pengetahuan aktor aktris indonesia kali ini edisi castnya wetv original series dikta amp hukum cousuoarare;['tes', 'pengetahuan', 'aktor', 'aktris', 'indonesia', 'kali', 'ini', 'edisi', 'castnya', 'wetv', 'original', 'series', 'dikta', 'amp', 'hukum', 'cousuoarare'];['tes', 'pengetahuan', 'aktor', 'aktris', 'indonesia', 'kali', 'ini', 'edisi', 'castnya', 'wetv', 'original', 'series', 'dikta', 'amp', 'hukum', 'cousuoarare'];tes pengetahuan aktor aktris indonesia kali ini edisi castnya wetv original series dikta amp hukum cousuoarare
47;47.0;Mau pilih yang lebih ribet/lebih berat, tapi yang dihasilkan bikin lebih bahagia, why not? Mau pilih yang lebih sim‚Ä¶ https://t.co/DkHyY3P91V;mau pilih yang lebih ribetlebih berat tapi yang dihasilkan bikin lebih bahagia why not mau pilih yang lebih sim codkhyypv;['mau', 'pilih', 'yang', 'lebih', 'ribetlebih', 'berat', 'tapi', 'yang', 'dihasilkan', 'bikin', 'lebih', 'bahagia', 'why', 'not', 'mau', 'pilih', 'yang', 'lebih', 'sim', 'codkhyypv'];['mau', 'pilih', 'yang', 'lebih', 'ribetlebih', 'berat', 'tapi', 'yang', 'dihasilkan', 'bikin', 'lebih', 'bahagia', 'why', 'not', 'mau', 'pilih', 'yang', 'lebih', 'sim', 'codkhyypv'];mau pilih yang lebih ribetlebih berat tapi yang dihasilkan bikin lebih bahagia why not mau pilih yang lebih sim codkhyypv
48;48.0;Semua pilihan tuh pasti ada positif dan negatifnya. Tinggal pilih mana yang paling cocok dan yang bisa bikin diri s‚Ä¶ https://t.co/Qz2I9MYUTq;semua pilihan tuh pasti ada positif dan negatifnya tinggal pilih mana yang paling cocok dan yang bisa bikin diri coqzimyutq;['semua', 'pilihan', 'tuh', 'pasti', 'ada', 'positif', 'dan', 'negatifnya', 'tinggal', 'pilih', 'mana', 'yang', 'paling', 'cocok', 'dan', 'yang', 'bisa', 'bikin', 'diri', 'coqzimyutq'];['semua', 'pilihan', 'tuh', 'pasti', 'ada', 'positif', 'dan', 'negatifnya', 'tinggal', 'pilih', 'mana', 'yang', 'paling', 'cocok', 'dan', 'yang', 'bisa', 'bikin', 'diri', 'coqzimyutq'];semua pilihan tuh pasti ada positif dan negatifnya tinggal pilih mana yang paling cocok dan yang bisa bikin diri coqzimyutq
49;49.0;JANGAN LUPA BAHAGIA WOY;jangan lupa bahagia woy;['jangan', 'lupa', 'bahagia', 'woy'];['jangan', 'lupa', 'bahagia', 'woy'];jangan lupa bahagia woy
50;50.0;Meskipun gak galau, denger lagu galau tuh enak bgt;meskipun gak galau denger lagu galau tuh enak bgt;['meskipun', 'gak', 'galau', 'denger', 'lagu', 'galau', 'tuh', 'enak', 'bgt'];['meskipun', 'gak', 'galau', 'denger', 'lagu', 'galau', 'tuh', 'enak', 'bgt'];meskipun gak galau denger lagu galau tuh enak bgt
51;51.0;SEMANGAT WOE;semangat woe;['semangat', 'woe'];['semangat', 'woe'];semangat woe
52;52.0;"telfon &gt; chat";telfon gt chat;['telfon', 'gt', 'chat'];['telfon', 'gt', 'chat'];telfon gt chat
53;53.0;Akhirnya tayangg! TES PENGETAHUAN BOYBAND INDONESIA (UN1TY)! HEBOH DAN RUSUH BANGET WKWKWKWKüòÇ! Cuss nonton!‚Ä¶ https://t.co/9goFhjdj1Q;akhirnya tayangg tes pengetahuan boyband indonesia unty heboh dan rusuh banget wkwkwkwk cuss nonton cogofhjdjq;['akhirnya', 'tayangg', 'tes', 'pengetahuan', 'boyband', 'indonesia', 'unty', 'heboh', 'dan', 'rusuh', 'banget', 'wkwkwkwk', 'cuss', 'nonton', 'cogofhjdjq'];['akhirnya', 'tayangg', 'tes', 'pengetahuan', 'boyband', 'indonesia', 'unty', 'heboh', 'dan', 'rusuh', 'banget', 'wkwkwkwk', 'cuss', 'nonton', 'cogofhjdjq'];akhirnya tayangg tes pengetahuan boyband indonesia unty heboh dan rusuh banget wkwkwkwk cuss nonton cogofhjdjq
54;54.0;capek gak si liat berita-berita akhir-akhir ini;capek gak si liat berita berita akhir akhir ini;['capek', 'gak', 'si', 'liat', 'berita', 'berita', 'akhir', 'akhir', 'ini'];['capek', 'gak', 'si', 'liat', 'berita', 'berita', 'akhir', 'akhir', 'ini'];capek gak si liat berita berita akhir akhir ini
55;55.0;"Jenis-jenis ekspresi habis nonton episode pertama Dikta &amp; HukumüòÇ Asli campur aduk banget WKWKKW! Yang penasaran, me‚Ä¶ https://t.co/nUkkty8qPA";jenis jenis ekspresi habis nonton episode pertama dikta amp hukum asli campur aduk banget wkwkkw yang penasaran me conukktyqpa;['jenis', 'jenis', 'ekspresi', 'habis', 'nonton', 'episode', 'pertama', 'dikta', 'amp', 'hukum', 'asli', 'campur', 'aduk', 'banget', 'wkwkkw', 'yang', 'penasaran', 'me', 'conukktyqpa'];['jenis', 'jenis', 'ekspresi', 'habis', 'nonton', 'episode', 'pertama', 'dikta', 'amp', 'hukum', 'asli', 'campur', 'aduk', 'banget', 'wkwkkw', 'yang', 'penasaran', 'me', 'conukktyqpa'];jenis jenis ekspresi habis nonton episode pertama dikta amp hukum asli campur aduk banget wkwkkw yang penasaran me conukktyqpa
56;56.0;@tokopedia itu baju kuning kok mirip ak;tokopedia itu baju kuning kok mirip ak;['tokopedia', 'itu', 'baju', 'kuning', 'kok', 'mirip', 'ak'];['tokopedia', 'itu', 'baju', 'kuning', 'kok', 'mirip', 'ak'];tokopedia itu baju kuning kok mirip ak
57;57.0;"Gimana hari ini guys!?

Btw kalo lagi butuh hiburan, coba nonton series We TV Original Dikta &amp; Hukum! Kemaren aku u‚Ä¶ https://t.co/Y26UTeSTTS";gimana hari ini guys btw kalo lagi butuh hiburan coba nonton series we tv original dikta amp hukum kemaren aku coyutestts;['gimana', 'hari', 'ini', 'guys', 'btw', 'kalo', 'lagi', 'butuh', 'hiburan', 'coba', 'nonton', 'series', 'we', 'tv', 'original', 'dikta', 'amp', 'hukum', 'kemaren', 'aku', 'coyutestts'];['gimana', 'hari', 'ini', 'guys', 'btw', 'kalo', 'lagi', 'butuh', 'hiburan', 'coba', 'nonton', 'series', 'we', 'tv', 'original', 'dikta', 'amp', 'hukum', 'kemaren', 'aku', 'coyutestts'];gimana hari ini guys btw kalo lagi butuh hiburan coba nonton series we tv original dikta amp hukum kemaren aku coyutestts
58;58.0;"Yang penting diblock, yang gak penting malah dibiarin

:)";yang penting diblock yang gak penting malah dibiarin;['yang', 'penting', 'diblock', 'yang', 'gak', 'penting', 'malah', 'dibiarin'];['yang', 'penting', 'diblock', 'yang', 'gak', 'penting', 'malah', 'dibiarin'];yang penting diblock yang gak penting malah dibiarin
59;59.0;Berusahalah untuk selalu berbuat baik kepada orang lain. Karena kita tidak tahu kesulitan apa yang sedang mereka alami.;berusahalah untuk selalu berbuat baik kepada orang lain karena kita tidak tahu kesulitan apa yang sedang mereka alami;['berusahalah', 'untuk', 'selalu', 'berbuat', 'baik', 'kepada', 'orang', 'lain', 'karena', 'kita', 'tidak', 'tahu', 'kesulitan', 'apa', 'yang', 'sedang', 'mereka', 'alami'];['berusahalah', 'untuk', 'selalu', 'berbuat', 'baik', 'kepada', 'orang', 'lain', 'karena', 'kita', 'tidak', 'tahu', 'kesulitan', 'apa', 'yang', 'sedang', 'mereka', 'alami'];berusahalah untuk selalu berbuat baik kepada orang lain karena kita tidak tahu kesulitan apa yang sedang mereka alami
61;61.0;RT @sksksksksksk012: udah lama ga beli @tokomenantea rasanya KAJZIWJANBSKABSKWNAUJWBSIWBSKABAHENSU ENAK BANGET WOIIIIIIIüò≠üò≠üò≠ https://t.co/sd‚Ä¶;sksksksksksk udah lama ga beli tokomenantea rasanya kajziwjanbskabskwnaujwbsiwbskabahensu enak banget woiiiiiii cosd;['sksksksksksk', 'udah', 'lama', 'ga', 'beli', 'tokomenantea', 'rasanya', 'kajziwjanbskabskwnaujwbsiwbskabahensu', 'enak', 'banget', 'woiiiiiii', 'cosd'];['sksksksksksk', 'udah', 'lama', 'ga', 'beli', 'tokomenantea', 'rasanya', 'kajziwjanbskabskwnaujwbsiwbskabahensu', 'enak', 'banget', 'woiiiiiii', 'cosd'];sksksksksksk udah lama ga beli tokomenantea rasanya kajziwjanbskabskwnaujwbsiwbskabahensu enak banget woiiiiiii cosd
62;62.0;BATTLE QUIZ PENGETAHUAN: JEROME VS RAJA QUIZ INDONESIA (HELMY YAHYA)! Selamat menonton! https://t.co/cqWpk4wsgb https://t.co/fj6QwvDcgW;battle quiz pengetahuan jerome vs raja quiz indonesia helmy yahya selamat menonton cocqwpkwsgb cofjqwvdcgw;['battle', 'quiz', 'pengetahuan', 'jerome', 'vs', 'raja', 'quiz', 'indonesia', 'helmy', 'yahya', 'selamat', 'menonton', 'cocqwpkwsgb', 'cofjqwvdcgw'];['battle', 'quiz', 'pengetahuan', 'jerome', 'vs', 'raja', 'quiz', 'indonesia', 'helmy', 'yahya', 'selamat', 'menonton', 'cocqwpkwsgb', 'cofjqwvdcgw'];battle quiz pengetahuan jerome vs raja quiz indonesia helmy yahya selamat menonton cocqwpkwsgb cofjqwvdcgw
63;63.0;Hari ini seruuu, ngobrol2 bareng naura~ https://t.co/H7jr33k2xk;hari ini seruuu ngobrol bareng naura cohjrk;['hari', 'ini', 'seruuu', 'ngobrol', 'bareng', 'naura', 'cohjrk'];['hari', 'ini', 'seruuu', 'ngobrol', 'bareng', 'naura', 'cohjrk'];hari ini seruuu ngobrol bareng naura cohjrk
64;64.0;"RT @geraldhiras: NIBATAK MANTAPPU

Tadi malem tidur mimpi kenalan, taunya ketemu beneran pas siang BANG. https://t.co/BVUqMSCmsr";geraldhiras nibatak mantappu tadi malem tidur mimpi kenalan taunya ketemu beneran pas siang bang cobvuqmscmsr;['geraldhiras', 'nibatak', 'mantappu', 'tadi', 'malem', 'tidur', 'mimpi', 'kenalan', 'taunya', 'ketemu', 'beneran', 'pas', 'siang', 'bang', 'cobvuqmscmsr'];['geraldhiras', 'nibatak', 'mantappu', 'tadi', 'malem', 'tidur', 'mimpi', 'kenalan', 'taunya', 'ketemu', 'beneran', 'pas', 'siang', 'bang', 'cobvuqmscmsr'];geraldhiras nibatak mantappu tadi malem tidur mimpi kenalan taunya ketemu beneran pas siang bang cobvuqmscmsr
65;65.0;@nessiejudge kerja di mana kak?;nessiejudge kerja di mana kak;['nessiejudge', 'kerja', 'di', 'mana', 'kak'];['nessiejudge', 'kerja', 'di', 'mana', 'kak'];nessiejudge kerja di mana kak
66;66.0;ngeliat story orang2 kenapa pada banyak banget yang bakal nikah ya wwkwwkk;ngeliat story orang kenapa pada banyak banget yang bakal nikah ya wwkwwkk;['ngeliat', 'story', 'orang', 'kenapa', 'pada', 'banyak', 'banget', 'yang', 'bakal', 'nikah', 'ya', 'wwkwwkk'];['ngeliat', 'story', 'orang', 'kenapa', 'pada', 'banyak', 'banget', 'yang', 'bakal', 'nikah', 'ya', 'wwkwwkk'];ngeliat story orang kenapa pada banyak banget yang bakal nikah ya wwkwwkk
67;67.0;"RT @NASAWebb: üëÄ Sneak a peek at the deepest &amp; sharpest infrared image of the early universe ever taken ‚Äî all in a day‚Äôs work for the Webb t‚Ä¶";nasawebb sneak peek at the deepest amp sharpest infrared image of the early universe ever taken all in day work for the webb;['nasawebb', 'sneak', 'peek', 'at', 'the', 'deepest', 'amp', 'sharpest', 'infrared', 'image', 'of', 'the', 'early', 'universe', 'ever', 'taken', 'all', 'in', 'day', 'work', 'for', 'the', 'webb'];['nasawebb', 'sneak', 'peek', 'at', 'the', 'deepest', 'amp', 'sharpest', 'infrared', 'image', 'of', 'the', 'early', 'universe', 'ever', 'taken', 'all', 'in', 'day', 'work', 'for', 'the', 'webb'];nasawebb sneak peek at the deepest amp sharpest infrared image of the early universe ever taken all in day work for the webb
68;68.0;@ArnoldPoernomo wibu;arnoldpoernomo wibu;['arnoldpoernomo', 'wibu'];['arnoldpoernomo', 'wibu'];arnoldpoernomo wibu
69;69.0;"RT @BadmintonTalk: Final with bestie!!

Congratulations to the Daddies and Fajar/Rian!

#BadmintalkPhoto #PMM2022 #MalaysiaMasters2022 http‚Ä¶";badmintontalk final with bestie congratulations to the daddies and fajarrian http;['badmintontalk', 'final', 'with', 'bestie', 'congratulations', 'to', 'the', 'daddies', 'and', 'fajarrian', 'http'];['badmintontalk', 'final', 'with', 'bestie', 'congratulations', 'to', 'the', 'daddies', 'and', 'fajarrian', 'http'];badmintontalk final with bestie congratulations to the daddies and fajarrian http
70;70.0;Hari ini kembali disadarkan bahwa hidup-mati, bener-bener cuma Tuhan yang tahu. Kita harus menggunakan waktu dan ke‚Ä¶ https://t.co/kr2dOsiPsw;hari ini kembali disadarkan bahwa hidup mati bener bener cuma tuhan yang tahu kita harus menggunakan waktu dan ke cokrdosipsw;['hari', 'ini', 'kembali', 'disadarkan', 'bahwa', 'hidup', 'mati', 'bener', 'bener', 'cuma', 'tuhan', 'yang', 'tahu', 'kita', 'harus', 'menggunakan', 'waktu', 'dan', 'ke', 'cokrdosipsw'];['hari', 'ini', 'kembali', 'disadarkan', 'bahwa', 'hidup', 'mati', 'bener', 'bener', 'cuma', 'tuhan', 'yang', 'tahu', 'kita', 'harus', 'menggunakan', 'waktu', 'dan', 'ke', 'cokrdosipsw'];hari ini kembali disadarkan bahwa hidup mati bener bener cuma tuhan yang tahu kita harus menggunakan waktu dan ke cokrdosipsw
73;73.0;Hari ini collab podcast dan konten youtube bareng UN1TY! Seruuu bgt mantappu jiwaaa https://t.co/eijj2HpmzV;hari ini collab podcast dan konten youtube bareng unty seruuu bgt mantappu jiwaaa coeijjhpmzv;['hari', 'ini', 'collab', 'podcast', 'dan', 'konten', 'youtube', 'bareng', 'unty', 'seruuu', 'bgt', 'mantappu', 'jiwaaa', 'coeijjhpmzv'];['hari', 'ini', 'collab', 'podcast', 'dan', 'konten', 'youtube', 'bareng', 'unty', 'seruuu', 'bgt', 'mantappu', 'jiwaaa', 'coeijjhpmzv'];hari ini collab podcast dan konten youtube bareng unty seruuu bgt mantappu jiwaaa coeijjhpmzv
74;74.0;WKWKKWKWWWK https://t.co/EjagHyHtzR;wkwkkwkwwwk coejaghyhtzr;['wkwkkwkwwwk', 'coejaghyhtzr'];['wkwkkwkwwwk', 'coejaghyhtzr'];wkwkkwkwwwk coejaghyhtzr
75;75.0;Salah satu episode terseru dari Wasedaboys Indonesia Trip! Coba nawar harga di pasarüòÇ WKWKWKWK‚Ä¶ https://t.co/OKTbYHe9oJ;salah satu episode terseru dari wasedaboys indonesia trip coba nawar harga di pasar wkwkwkwk cooktbyheoj;['salah', 'satu', 'episode', 'terseru', 'dari', 'wasedaboys', 'indonesia', 'trip', 'coba', 'nawar', 'harga', 'di', 'pasar', 'wkwkwkwk', 'cooktbyheoj'];['salah', 'satu', 'episode', 'terseru', 'dari', 'wasedaboys', 'indonesia', 'trip', 'coba', 'nawar', 'harga', 'di', 'pasar', 'wkwkwkwk', 'cooktbyheoj'];salah satu episode terseru dari wasedaboys indonesia trip coba nawar harga di pasar wkwkwkwk cooktbyheoj
76;76.0;Gak pinter matematika/suatu pelajaran, bukan berarti gak pinter. Bidang dan aspek kepinteran tiap orang beda-beda.;gak pinter matematikasuatu pelajaran bukan berarti gak pinter bidang dan aspek kepinteran tiap orang beda beda;['gak', 'pinter', 'matematikasuatu', 'pelajaran', 'bukan', 'berarti', 'gak', 'pinter', 'bidang', 'dan', 'aspek', 'kepinteran', 'tiap', 'orang', 'beda', 'beda'];['gak', 'pinter', 'matematikasuatu', 'pelajaran', 'bukan', 'berarti', 'gak', 'pinter', 'bidang', 'dan', 'aspek', 'kepinteran', 'tiap', 'orang', 'beda', 'beda'];gak pinter matematikasuatu pelajaran bukan berarti gak pinter bidang dan aspek kepinteran tiap orang beda beda
77;77.0;RT @aku_orang_apa: akhirnya aku ketemu lagi sama bang @JeromePolin setelah 1 setengah tahunüëçüèº https://t.co/xLgxG4MYiC;aku_orang_apa akhirnya aku ketemu lagi sama bang jeromepolin setelah   setengah tahun co;['aku_orang_apa', 'akhirnya', 'aku', 'ketemu', 'lagi', 'sama', 'bang', 'jeromepolin', 'setelah', 'setengah', 'tahun', 'co'];['aku_orang_apa', 'akhirnya', 'aku', 'ketemu', 'lagi', 'sama', 'bang', 'jeromepolin', 'setelah', 'setengah', 'tahun', 'co'];aku_orang_apa akhirnya aku ketemu lagi sama bang jeromepolin setelah setengah tahun co
78;78.0;buat masnya, sini aku kasih soal matematika mau ga wkwkwkkw https://t.co/kw4Fq4kBlJ;buat masnya sini aku kasih soal matematika mau ga wkwkwkkw cokwfqkblj;['buat', 'masnya', 'sini', 'aku', 'kasih', 'soal', 'matematika', 'mau', 'ga', 'wkwkwkkw', 'cokwfqkblj'];['buat', 'masnya', 'sini', 'aku', 'kasih', 'soal', 'matematika', 'mau', 'ga', 'wkwkwkkw', 'cokwfqkblj'];buat masnya sini aku kasih soal matematika mau ga wkwkwkkw cokwfqkblj
79;79.0;@convomfs sini kasih aku aja soalnya;convomfs sini kasih aku aja soalnya;['convomfs', 'sini', 'kasih', 'aku', 'aja', 'soalnya'];['convomfs', 'sini', 'kasih', 'aku', 'aja', 'soalnya'];convomfs sini kasih aku aja soalnya
80;80.0;@kristoimmanuel wkakakaka;kristoimmanuel wkakakaka;['kristoimmanuel', 'wkakakaka'];['kristoimmanuel', 'wkakakaka'];kristoimmanuel wkakakaka
81;81.0;SEMANGAT WOYYYYY;semangat woyyyyy;['semangat', 'woyyyyy'];['semangat', 'woyyyyy'];semangat woyyyyy
82;82.0;RT @jehianps: Kesenangan hari ini: bisa ngirim Menantea ke Menteri Kemenparekraf, Pak Sandiaga Unoü•π https://t.co/MMf74Twb10;jehianps kesenangan hari ini bisa ngirim menantea ke menteri kemenparekraf pak sandiaga uno commftwb;['jehianps', 'kesenangan', 'hari', 'ini', 'bisa', 'ngirim', 'menantea', 'ke', 'menteri', 'kemenparekraf', 'pak', 'sandiaga', 'uno', 'commftwb'];['jehianps', 'kesenangan', 'hari', 'ini', 'bisa', 'ngirim', 'menantea', 'ke', 'menteri', 'kemenparekraf', 'pak', 'sandiaga', 'uno', 'commftwb'];jehianps kesenangan hari ini bisa ngirim menantea ke menteri kemenparekraf pak sandiaga uno commftwb
83;83.0;"RT @tokomenantea: Yang bisa tebak nama menu ini, minteatwit kirimin Menantea 2 cupsü•∞

Mintea bakal kirimin buat 5 orang! Cara ikutannya tin‚Ä¶";tokomenantea yang bisa tebak nama menu ini minteatwit kirimin menantea   cups mintea bakal kirimin buat   orang cara ikutannya tin;['tokomenantea', 'yang', 'bisa', 'tebak', 'nama', 'menu', 'ini', 'minteatwit', 'kirimin', 'menantea', 'cups', 'mintea', 'bakal', 'kirimin', 'buat', 'orang', 'cara', 'ikutannya', 'tin'];['tokomenantea', 'yang', 'bisa', 'tebak', 'nama', 'menu', 'ini', 'minteatwit', 'kirimin', 'menantea', 'cups', 'mintea', 'bakal', 'kirimin', 'buat', 'orang', 'cara', 'ikutannya', 'tin'];tokomenantea yang bisa tebak nama menu ini minteatwit kirimin menantea cups mintea bakal kirimin buat orang cara ikutannya tin
84;84.0;Jangan lupa bersyukur dan rayakan hal-hal serta keberhasilan kecil! Find joy in the little things~;jangan lupa bersyukur dan rayakan hal hal serta keberhasilan kecil find joy in the little things;['jangan', 'lupa', 'bersyukur', 'dan', 'rayakan', 'hal', 'hal', 'serta', 'keberhasilan', 'kecil', 'find', 'joy', 'in', 'the', 'little', 'things'];['jangan', 'lupa', 'bersyukur', 'dan', 'rayakan', 'hal', 'hal', 'serta', 'keberhasilan', 'kecil', 'find', 'joy', 'in', 'the', 'little', 'things'];jangan lupa bersyukur dan rayakan hal hal serta keberhasilan kecil find joy in the little things
86;86.0;"Pasti seru poll seeh! Btw, yang mau ketemu aku di kelas offline, bisa ikutan pop up class @primagamaID karna aku &amp;‚Ä¶ https://t.co/WKQ1hEHiAW";pasti seru poll seeh btw yang mau ketemu aku di kelas offline bisa ikutan pop up class primagamaid karna aku amp cowkqhehiaw;['pasti', 'seru', 'poll', 'seeh', 'btw', 'yang', 'mau', 'ketemu', 'aku', 'di', 'kelas', 'offline', 'bisa', 'ikutan', 'pop', 'up', 'class', 'primagamaid', 'karna', 'aku', 'amp', 'cowkqhehiaw'];['pasti', 'seru', 'poll', 'seeh', 'btw', 'yang', 'mau', 'ketemu', 'aku', 'di', 'kelas', 'offline', 'bisa', 'ikutan', 'pop', 'up', 'class', 'primagamaid', 'karna', 'aku', 'amp', 'cowkqhehiaw'];pasti seru poll seeh btw yang mau ketemu aku di kelas offline bisa ikutan pop up class primagamaid karna aku amp cowkqhehiaw
87;87.0;WOY kayaknya seru nih kalau aku bikin les/kelas offline buat ngajar di Jakarta minggu depan KWKWKW;woy kayaknya seru nih kalau aku bikin leskelas offline buat ngajar di jakarta minggu depan kwkwkw;['woy', 'kayaknya', 'seru', 'nih', 'kalau', 'aku', 'bikin', 'leskelas', 'offline', 'buat', 'ngajar', 'di', 'jakarta', 'minggu', 'depan', 'kwkwkw'];['woy', 'kayaknya', 'seru', 'nih', 'kalau', 'aku', 'bikin', 'leskelas', 'offline', 'buat', 'ngajar', 'di', 'jakarta', 'minggu', 'depan', 'kwkwkw'];woy kayaknya seru nih kalau aku bikin leskelas offline buat ngajar di jakarta minggu depan kwkwkw
88;88.0;"Kali ini aku yakin Inggit (Kak Prilly) memilih aku guys, menurut kalian gimana? WKWKWKWKüòÇüòÇ

Nonton di sini ya guys:‚Ä¶ https://t.co/1R5aLhhjDp";kali ini aku yakin inggit kak prilly memilih aku guys menurut kalian gimana wkwkwkwk nonton di sini ya guys coralhhjdp;['kali', 'ini', 'aku', 'yakin', 'inggit', 'kak', 'prilly', 'memilih', 'aku', 'guys', 'menurut', 'kalian', 'gimana', 'wkwkwkwk', 'nonton', 'di', 'sini', 'ya', 'guys', 'coralhhjdp'];['kali', 'ini', 'aku', 'yakin', 'inggit', 'kak', 'prilly', 'memilih', 'aku', 'guys', 'menurut', 'kalian', 'gimana', 'wkwkwkwk', 'nonton', 'di', 'sini', 'ya', 'guys', 'coralhhjdp'];kali ini aku yakin inggit kak prilly memilih aku guys menurut kalian gimana wkwkwkwk nonton di sini ya guys coralhhjdp
89;89.0;Selamat buat temen2 yang keterima SBMPTN! Kalian sudah berhasil melewati satu ujian, tapi inget habis gini kalian a‚Ä¶ https://t.co/wXJkHLlsP5;selamat buat temen yang keterima sbmptn kalian sudah berhasil melewati satu ujian tapi inget habis gini kalian co;['selamat', 'buat', 'temen', 'yang', 'keterima', 'sbmptn', 'kalian', 'sudah', 'berhasil', 'melewati', 'satu', 'ujian', 'tapi', 'inget', 'habis', 'gini', 'kalian', 'co'];['selamat', 'buat', 'temen', 'yang', 'keterima', 'sbmptn', 'kalian', 'sudah', 'berhasil', 'melewati', 'satu', 'ujian', 'tapi', 'inget', 'habis', 'gini', 'kalian', 'co'];selamat buat temen yang keterima sbmptn kalian sudah berhasil melewati satu ujian tapi inget habis gini kalian co
90;90.0;"x+y = 2
aku tanpa kamu hampa";  aku tanpa kamu hampa;['aku', 'tanpa', 'kamu', 'hampa'];['aku', 'tanpa', 'kamu', 'hampa'];aku tanpa kamu hampa
91;91.0;@jehianps @SMTOWN_Idn waaaaawww;jehianps smtown_idn waaaaawww;['jehianps', 'smtown_idn', 'waaaaawww'];['jehianps', 'smtown_idn', 'waaaaawww'];jehianps smtown_idn waaaaawww
92;92.0;kita pasti punya temen yang kalo vidcall cuma keliatan jidatnya doang wkwkwk;kita pasti punya temen yang kalo vidcall cuma keliatan jidatnya doang wkwkwk;['kita', 'pasti', 'punya', 'temen', 'yang', 'kalo', 'vidcall', 'cuma', 'keliatan', 'jidatnya', 'doang', 'wkwkwk'];['kita', 'pasti', 'punya', 'temen', 'yang', 'kalo', 'vidcall', 'cuma', 'keliatan', 'jidatnya', 'doang', 'wkwkwk'];kita pasti punya temen yang kalo vidcall cuma keliatan jidatnya doang wkwkwk
93;93.0;SEMANGAT HARI INI!!;semangat hari ini;['semangat', 'hari', 'ini'];['semangat', 'hari', 'ini'];semangat hari ini
94;94.0;Ketika kamu sudah berusaha memberikan yang terbaik, tapi gak dihargai... Bahkan gak diliat effortnya... Atau bahkan‚Ä¶ https://t.co/CezFgwoJoJ;ketika kamu sudah berusaha memberikan yang terbaik tapi gak dihargai bahkan gak diliat effortnya atau bahkan cocezfgwojoj;['ketika', 'kamu', 'sudah', 'berusaha', 'memberikan', 'yang', 'terbaik', 'tapi', 'gak', 'dihargai', 'bahkan', 'gak', 'diliat', 'effortnya', 'atau', 'bahkan', 'cocezfgwojoj'];['ketika', 'kamu', 'sudah', 'berusaha', 'memberikan', 'yang', 'terbaik', 'tapi', 'gak', 'dihargai', 'bahkan', 'gak', 'diliat', 'effortnya', 'atau', 'bahkan', 'cocezfgwojoj'];ketika kamu sudah berusaha memberikan yang terbaik tapi gak dihargai bahkan gak diliat effortnya atau bahkan cocezfgwojoj
95;95.0;Heran kenapa banyak orang suka ngomongin orang lain seakan dia yang paling tau tentang orang tersebut, padahal cuma‚Ä¶ https://t.co/jfTwzMuSTh;heran kenapa banyak orang suka ngomongin orang lain seakan dia yang paling tau tentang orang tersebut padahal cuma cojftwzmusth;['heran', 'kenapa', 'banyak', 'orang', 'suka', 'ngomongin', 'orang', 'lain', 'seakan', 'dia', 'yang', 'paling', 'tau', 'tentang', 'orang', 'tersebut', 'padahal', 'cuma', 'cojftwzmusth'];['heran', 'kenapa', 'banyak', 'orang', 'suka', 'ngomongin', 'orang', 'lain', 'seakan', 'dia', 'yang', 'paling', 'tau', 'tentang', 'orang', 'tersebut', 'padahal', 'cuma', 'cojftwzmusth'];heran kenapa banyak orang suka ngomongin orang lain seakan dia yang paling tau tentang orang tersebut padahal cuma cojftwzmusth
96;96.0;@ViktorAxelsen halo;viktora halo;['viktora', 'halo'];['viktora', 'halo'];viktora halo
97;97.0;viktor pasti takut lawan kucing gemuk;viktor pasti takut lawan kucing gemuk;['viktor', 'pasti', 'takut', 'lawan', 'kucing', 'gemuk'];['viktor', 'pasti', 'takut', 'lawan', 'kucing', 'gemuk'];viktor pasti takut lawan kucing gemuk
98;98.0;Latian buat main lawan viktor axelsen WKWKWKWK https://t.co/FOBG9QPOXY;latian buat main lawan viktor wkwkwkwk cofobgqpo;['latian', 'buat', 'main', 'lawan', 'viktor', 'wkwkwkwk', 'cofobgqpo'];['latian', 'buat', 'main', 'lawan', 'viktor', 'wkwkwkwk', 'cofobgqpo'];latian buat main lawan viktor wkwkwkwk cofobgqpo
99;99.0;SEMANGAT YOKKK JGN LEMES LEMES GITU DONG;semangat yokkk jgn lemes lemes gitu dong;['semangat', 'yokkk', 'jgn', 'lemes', 'lemes', 'gitu', 'dong'];['semangat', 'yokkk', 'jgn', 'lemes', 'lemes', 'gitu', 'dong'];semangat yokkk jgn lemes lemes gitu dong
